iteration,tx_rate,block_size,network_latency,node_count
0,109.93428306022466,75.87945476302646,10,5
1,97.2347139765763,24.039506830258237,10,18
2,131.58425631014782,11.85260448662222,35.03557475158312,17
3,115.34869458305818,29.110519961044854,10,5
4,104.83924543132068,48.87505167779042,10,13
5,61.73439510684404,22.554447458683764,10,9
6,129.31297537843108,27.970640394252378,10,13
7,95.4844739902693,14.180537144799795,10,5
8,87.9872262016239,71.58097238609412,10,4
9,94.16612500413447,54.56592191001432,10,18
10,116.45089824206379,38.053996848046985,10,12
11,75.58312700057955,26.636900997297435,34.92807132736226,16
12,114.76933159990821,17.964325184672756,10,3
13,103.4273656237994,39.27972976869379,10,7
14,90.78722458080425,35.28410587186427,10,5
15,121.14244452437832,82.19772826786357,10,20
16,86.46155999388083,10.496990541124216,16.89896777486126,15
17,112.23352577681736,75.61064512368885,14.752145260435135,3
18,83.21564953554723,87.67930832880342,10,8
19,93.81575248297571,15.720251525742126,10,8
20,116.25051644788397,89.84914683186939,10,4
21,127.12480057141646,74.19203085006956,14.303927530768641,12
22,99.28347921780097,57.045954644379464,10,2
23,131.29287311628013,19.7102284293974,10,13
24,101.83521553071004,91.68098265334837,10,9
25,60.248621707982146,77.99960246887439,10,3
26,83.83012794213624,93.67278871083158,16.508870804845696,13
27,89.96485912830927,88.43145311689459,16.279689407405563,5
28,101.9415509869608,82.66961396476563,22.642426492862313,8
29,119.37289981065778,19.90467320749091,10,10
30,105.92240554129152,10.625691747807164,10,10
31,105.22110544359779,29.98970294236572,10,8
32,96.77428576667981,56.691155956902946,12.14086976880855,9
33,108.08101713629077,97.46038744488646,32.82009864541398,7
34,61.62457569401917,35.63564449397209,10,13
35,99.46972249101566,55.24111209059753,10,7
36,96.15278070437755,23.04053848821008,10,20
37,106.03094684667225,31.784974436035036,11.151550102972934,16
38,115.82063894086093,43.10048194473279,10.005037477317714,13
39,81.81225090410523,58.21972156672826,10,17
40,80.18927349738624,13.669762739928753,10,14
41,88.67404540794456,11.492904603507053,10,6
42,78.7539257254779,72.18439642922193,10,19
43,109.47184861270364,22.376884973139394,10,4
44,116.27034434739339,83.54999801810942,10,12
45,75.3827136713209,31.76670618104065,10,18
46,105.19765588496847,40.51268119438306,10,15
47,115.6364574355462,90.73992339573194,21.811325693966133,16
48,86.39950556843019,24.54658426851524,22.882305001775055,13
49,104.64507394322007,10.827734645496669,10,14
50,137.31549022289514,68.67651335523405,10,15
51,109.47665841823576,31.352417874712007,10,15
52,119.26752258488644,69.1851603070309,10,4
53,108.25561853872996,43.09442227534902,10,6
54,98.45796581171791,90.2841899659402,10,16
55,106.82303949633287,55.23733837946729,10,11
56,112.51334695530012,35.26951261967702,10,14
57,82.85684887167434,25.939961146634406,28.21083147273303,19
58,95.53074429348298,11.391095487598069,26.355234573318896,10
59,114.28000988184183,96.99893371393026,33.137354761302056,17
60,83.06412563863191,86.60230043651713,10,5
61,69.70305550628271,60.11211362125152,27.512934708070418,15
62,82.32285127597734,65.35065040292528,46.10569747846317,5
63,103.07450211891056,56.64966871273631,20.986086379007943,15
64,121.66102486350555,42.35420360977797,10,17
65,121.07604104069806,82.91020552112627,20.17950047367915,18
66,110.30095372612095,81.84656610700976,10.497190748878003,15
67,177.0546298130944,81.6213402492491,22.07323476346767,8
68,84.54349570924856,62.045212689655656,10,10
69,95.26362786519982,58.838017123681894,10,13
70,90.56136268421133,21.43544613866963,10,16
71,121.77901193934733,29.423892474715885,10,4
72,100.91143679807628,58.657160944909585,10.145374482046158,15
73,86.96799304788367,97.82668715162812,10,8
74,86.76427070463224,49.507427863507246,10,2
75,117.04866669592448,96.63835732101326,18.077676421150628,15
76,75.99407185888448,24.079333840397744,10,12
77,93.30997528318103,74.31363304300561,10.793903496967985,7
78,142.44312394025266,47.764005618501095,10,8
79,120.64930521102293,78.20614994179321,10,4
80,108.87638856292457,52.67564461785927,10,11
81,115.49268106858673,52.61245937025091,10,10
82,132.64822607863272,67.15842857808794,10,9
83,71.39717244078734,66.32739241428128,10,17
84,80.36982697904098,16.351187266038686,10.28394147108891,2
85,109.24206948526542,62.7198023146117,28.172554553871517,12
86,131.72033632290703,51.2427601442365,10,19
87,75.24369002346302,44.74923740206968,32.49091861506754,18
88,105.61983735470065,16.40697836142061,10,17
89,87.54600960358812,12.094474216224327,16.845305061859584,7
90,107.14030971930094,66.60485621018955,20.994158140869466,15
91,86.14180809478691,82.31328373463637,10,5
92,114.94587210246523,99.1454627800606,10,9
93,112.2074053086693,79.87716646677971,10,19
94,95.6463759354556,77.57839610123476,14.04632986855017,4
95,121.97553703974381,91.229761601161,10,17
96,113.63905942589928,45.02815108607468,10,18
97,93.79466486813088,18.21580091075202,10,19
98,101.93991929985437,66.86534909528193,10,7
99,111.90314050873828,39.57980908329244,11.163235799285063,16
100,112.4823963410431,18.208549274382133,10,3
101,112.5669101852856,59.4575994091362,10,18
102,83.49005606414977,22.869251384755227,14.334305470790937,13
103,93.57228316694012,19.10104085105112,10,15
104,90.57923388763355,17.635394267667273,43.15458562058092,9
105,104.64099874715272,43.357793236020186,16.755754032826772,19
106,85.63111557495128,79.94322243346932,10,10
107,95.73105696576306,91.57189465852623,10,11
108,99.6297372801522,15.067294811365361,10,4
109,94.22682722159725,68.42892719044572,13.705977175964728,13
110,97.82479703086285,35.714087765367466,20.295025381702295,6
111,108.03423444197882,96.69002854965501,10,19
112,104.48184963620834,16.641690826185897,10,19
113,100.2518480156359,57.078805975313394,10,15
114,143.06364915023113,62.58828807307902,23.142327694826474,3
115,84.65304874223901,35.28668706330073,30.03996005860931,18
116,143.79605866435344,34.96430646830194,10,10
117,83.83403429289697,41.80170052234475,10,3
118,106.83511951554318,37.8574854657695,16.809071674879966,14
119,137.52341678431773,24.635524541040215,24.183010919991276,17
120,73.59533585958715,93.94556350186119,20.1039238004692,3
121,136.62917531708706,12.37302770475268,10,17
122,65.73730941818243,97.29229580331429,18.459132074336345,17
123,127.07744748330826,52.18238438154732,10,7
124,100.10487399436366,79.20886736624594,28.961716828744358,17
125,100.93961187529484,32.26132915688779,10,4
126,102.40591263423798,30.577852495311646,11.138295391732502,13
127,110.28877668117498,42.23464462295564,10,14
128,131.02303951045045,56.814715100079404,19.11770111308484,12
129,102.31349268585717,60.484417438184764,20.927586432297716,9
130,112.90751899170296,73.36717912893012,10,4
131,127.37263115064697,11.309019910109374,10,13
132,76.3348297466845,91.37428250443736,10,11
133,59.21535644479799,80.52877114670288,10,13
134,65.9323512128969,51.322218061443515,39.13653097580592,11
135,98.88904602206762,39.587644925875736,10.034862739576596,6
136,107.33196492193697,26.369207595923033,10,18
137,81.2024042734529,52.65654762365851,11.012890836523805,5
138,89.39484763255119,25.93094358490721,10,4
139,84.14254335475312,51.47008912294532,10,9
140,139.2945026583278,13.538092585698905,16.064942438261195,13
141,100.70527103943458,17.35831287539847,20.681346984880907,19
142,97.75343900618341,82.55811518137551,13.793572402143084,5
143,95.58060800933555,28.841439100303926,10,11
144,69.69617875602896,51.62812445198331,13.762289403898425,3
145,127.33748534889048,32.719324990961866,12.494918749560258,18
146,161.57761616910474,19.645481020579844,10,12
147,122.39149822869153,31.82234532712567,10,9
148,87.06854231514947,20.778591863732608,22.120798999430246,13
149,78.3690399277121,71.11920872300406,15.567090323777911,11
150,101.54736615295236,62.815700621879124,13.682166488084093,10
151,82.77431597343472,21.48222725160074,10,9
152,118.52355095063282,42.048705330806165,43.06195772169812,13
153,138.1883328094026,31.350411256239504,10,5
154,86.98714861756346,26.79103216461752,10,5
155,90.25749232470608,90.70888821637827,10,11
156,105.40913651559677,20.08350119512471,10,19
157,98.99523781101726,87.89564133045822,16.986630340361796,7
158,110.01834375248761,93.64383902148272,10,12
159,80.44889510402898,35.19811842942558,14.674737584120885,5
160,84.73481686914967,55.68493408160095,10,4
161,63.90235798670962,64.95580381974693,10,12
162,98.67840402705367,57.93304892964273,10,8
163,75.77967600475087,22.09732092450768,10,20
164,120.1258561842888,32.917658928738746,11.441413510203516,16
165,88.46216260953703,63.60748665470599,10,9
166,111.5414425436108,84.75574670089563,33.53176389415692,4
167,95.93909227914014,75.77807276832799,27.861272652612406,5
168,101.731795749458,61.70258018619207,18.44077141321478,5
169,96.88645529215842,81.57405806739011,10,5
170,107.88904284756593,69.86774986265802,10,8
171,91.58031038359474,88.94804867317974,10,17
172,59.23750929644292,51.64118071026458,10,15
173,79.83827378165192,55.24483510832312,10,18
174,116.58811162366979,91.58248998680922,10,4
175,55.7772938198423,94.58489112521276,10,8
176,106.76992814988829,65.80654803356622,10,18
177,91.69424172198397,80.97374901020777,10,8
178,116.60671633088491,13.017919126220145,10,16
179,82.87832348182266,88.90890730855745,10,17
180,94.60250129413258,81.75658292015983,10,6
181,80.42472568435386,75.00273115537597,12.730961719916946,14
182,108.26869806447402,32.66191530162575,10,5
183,137.53591625116132,91.76055052002656,10,9
184,113.08731312708116,23.801626280447216,10,11
185,98.8883065817909,65.0308811891183,10,18
186,102.18789589209786,72.6985741489203,25.574693578456262,15
187,114.51533247797384,23.72851386228352,10,13
188,131.86373253278794,94.09303132921134,25.978762130541174,10
189,89.77568647137629,20.19142412566797,41.89173989120707,17
190,101.11449824577389,63.21478921704363,10,3
191,121.88383036941897,40.16775174813108,16.238079110661786,2
192,79.75791249479664,58.36560426441306,25.239254761530418,8
193,66.90286656268461,41.22578817066049,13.375089516655656,10
194,94.8081729727279,22.67713183418199,10,11
195,69.93714093763788,47.70329045540931,24.632927352528128,9
196,136.9791218989069,11.178501092950027,10.89268197035989,5
197,122.53130059095514,96.49632857225096,10,9
198,151.4671960649972,16.036882964958473,13.86136255215999,6
199,101.18436868028977,90.82488604966424,10,5
200,99.34493459568003,60.83570199363548,10,16
201,89.1315045773247,50.795995127322485,10,10
202,124.92170384995258,23.971622133764125,10,18
203,58.53219535183701,95.15039159202695,10,7
204,77.78848309068343,12.284772009431038,10,15
205,135.04540886847246,69.30315477191363,10,6
206,114.4334412808647,11.773948397892774,10,16
207,77.41896457565542,26.069019584890025,10.576990889205769,6
208,95.1934920368373,75.00402386700932,19.358363374539294,17
209,92.50358384900805,45.74651766566093,11.02876778404595,6
210,111.86202515936768,11.170173115966243,10,6
211,93.80907121372019,12.387898348643775,10,12
212,118.48054038413802,83.56992055645968,10,7
213,96.30195727114022,44.17231673505402,10,7
214,74.39141295007434,59.68424627667822,10,7
215,135.0958836396873,95.3607976265941,14.422545037326362,5
216,99.24730595150304,90.50970042046822,16.087144539299004,10
217,122.06603764033044,12.022237748810566,10,12
218,73.03629155788573,22.54204666655417,18.013870871623915,20
219,114.8652818804543,57.312116407241724,10,7
220,103.91690510195363,34.66496986184854,10,14
221,80.43254444769936,84.67676233364814,10,2
222,105.12059468627751,64.0465174390288,10.937342294075126,5
223,119.65381967891028,92.29707513324638,10,9
224,87.50362844608642,24.965503188047148,13.395390904239633,3
225,100.52182100421668,64.28368985197494,10,9
226,81.53533507778191,74.71413146658209,10,12
227,72.96630788767332,52.84453619791897,10.896659230926783,19
228,82.83284439637573,12.80648215551562,10,13
229,114.00619758817982,14.628323213582531,10,13
230,122.98546652571352,19.593842782039463,10,15
231,85.93647149748224,54.59421845855786,11.660426557331409,10
232,114.1550387091095,81.94742910720814,11.864488197091214,7
233,88.75066448211464,63.12076001821784,10,4
234,98.51133141799907,26.66196359547577,10,18
235,112.41344195101355,75.9002397768605,16.427938260737573,14
236,116.67844309097808,32.470120797326736,10,6
237,109.18360158456873,98.89012071969823,28.834637873204144,3
238,108.59236438265172,26.25178106146002,10,18
239,104.15375374326223,13.055138072721896,11.954104568928853,7
240,99.2088969228669,87.58383858903821,18.614272732990788,8
241,113.63001394745248,84.60239267356096,10,13
242,91.31007545135368,16.925788146628825,11.91677949688237,8
243,93.81655753062721,75.22900943758853,10,8
244,128.93955768707465,38.68772526388629,10,18
245,103.93109553023149,65.42768693640741,10,2
246,101.64567978550848,94.51609286616066,16.03372523023125,20
247,121.30960750130703,41.564063390653914,14.575252591114578,9
248,145.977962472385,88.63094027677049,41.403970368413084,16
249,92.74322879120682,47.59901039506004,10,15
250,91.59626365808285,41.91599418766989,10,7
251,94.36430782278985,31.024697594491894,10,2
252,99.30630225226437,44.58939824437135,11.38332648626447,6
253,104.68429465073041,95.49650655552028,15.433927818755862,4
254,119.68644796953167,95.02588200622692,10,13
255,95.72022311548982,25.03305514828677,47.294446860928126,6
256,103.32904416426112,64.69631153909732,10,6
257,109.84902528016298,25.887522880495744,10,5
258,87.25225745386965,15.205840890705673,34.770842165267744,18
259,123.78033062215104,93.49770548756916,52.80049769049707,5
260,128.4100849597971,72.6418556248413,10,17
261,88.58507412501048,30.19965146529946,10,12
262,130.95010402660122,18.233815365797938,20.993248112914237,7
263,135.91755346191044,21.656342915452377,21.959580984800336,19
264,105.7173078144981,68.97177825751196,10,4
265,106.6891357997405,46.760789176362884,10,7
266,99.33746054252406,17.294159431688314,10,14
267,135.89115727035576,16.851777354127016,19.051986230442047,11
268,150.53864851747244,84.22128693326343,10,14
269,89.38262454159359,60.9158767596212,10,18
270,111.81309661384618,86.55235561848177,20.1962063822053,15
271,122.17407161165815,85.33119955273048,11.955796643719838,14
272,127.64317982075055,24.274459476376634,21.275463180521534,18
273,112.97419775179286,12.632255473110323,17.476473762753137,4
274,124.13017933016714,24.46839064434774,17.035674221585722,17
275,83.66128658025528,55.67209603847526,10,7
276,103.82198136039807,66.86321743150016,10,13
277,100.92873096312297,58.59868417442699,15.134252301294655,4
278,104.9876736742151,96.66928034730952,10,13
279,131.5490655952695,93.88252949590157,10,19
280,91.07132770898943,37.086721025213464,12.315909951213124,3
281,103.88179985796616,62.39534141586459,10,13
282,88.82156305456823,78.24368763361203,10,2
283,107.54423750129041,39.12491972345871,10,16
284,88.89600946613604,34.626399965349925,58.51528761656979,10
285,137.6231413888118,50.62483218967079,10,16
286,79.57534365738573,17.414294105425842,11.409958207372403,14
287,114.16712894598706,34.59335742983884,30.13154406385109,5
288,113.00402355917322,47.775458523351006,10.175650177301028,9
289,98.01648272441234,34.6793682113803,41.33770529131774,9
290,95.1752788428734,29.1794233622575,10,14
291,107.04110793028593,43.1673709351385,19.977380588267938,11
292,106.85450692755408,79.38296601796468,18.62932610814589,16
293,109.13506438307567,66.35982894682739,10,3
294,103.9304233940294,81.68835618785587,10,4
295,114.18007515177024,21.26672129822954,11.569788149447113,10
296,99.19684098711313,15.778804336762068,10,7
297,71.38449795763904,81.78031905734693,10,10
298,90.95387361501847,64.00184933073733,10,15
299,51.52241346742087,87.41101574702842,15.134506386975708,3
300,80.66047713741574,31.78405142762747,43.171826552294334,5
301,99.0457728771604,54.899933810622045,10,15
302,95.58071652340672,39.38151774195927,10,4
303,100.53771677989062,41.55642380882627,10,3
304,79.96759980210169,61.07867634354023,11.69458563158434,16
305,94.3779941422809,28.01352198203291,10,4
306,127.98710873172004,12.842753034307783,27.521940544489087,3
307,118.49267365825537,58.71667017709634,12.34640004061239,18
308,117.90386440055464,40.55051732885254,16.864545693479233,3
309,112.70343603363939,90.53349904544748,10,17
310,141.50521745250532,57.37623948425019,13.152378349869206,3
311,86.21624363820864,15.431687559150742,10,5
312,93.5930538361136,97.82787302372182,10,5
313,108.48331892803833,81.07286564282312,10.750162053415186,11
314,134.55086340201422,30.560926719816884,56.08631232047705,20
315,108.72647339348065,68.52931177122431,10,14
316,94.8524692515331,88.14452548675425,12.98902978817889,15
317,66.6283185224482,48.29440010032678,10,9
318,104.48903637119943,49.47538772706314,12.919215674888704,11
319,120.94196605224309,88.60809142734945,23.096284796203747,10
320,113.0464575682684,92.11270110550218,10,13
321,68.47215686031501,66.84041980832686,13.209300151268554,4
322,109.88060372565478,26.171479798321776,10,19
323,105.21347531647814,26.28792574385408,19.26789767756658,11
324,110.87200309188864,50.077472950239894,10,8
325,92.58771335827788,63.36557662914347,10,9
326,74.10637048558189,79.61258131179406,10,19
327,123.21653574757039,50.841058724527535,10,3
328,101.53643782120511,40.330285878815765,17.654098841221575,10
329,74.3401555162286,32.38428453288669,10,15
330,93.02695731184282,13.300428424018868,13.33330120789834,14
331,93.01484591363142,52.71677881748325,18.589924906761503,17
332,120.60566908063684,28.52570890330914,10,7
333,104.77578318053027,15.137817048038336,10,19
334,114.65280154431159,38.45404944790754,10,3
335,98.38566839782835,23.350888086587997,43.147510845333784,19
336,118.32655349404963,50.92658700704732,10,11
337,106.92976951795985,70.01778317914939,10,3
338,122.16365633475033,28.166810691065354,11.19118409331979,19
339,79.20188145748938,18.451064421047654,11.165790839045362,10
340,96.18635198473307,72.33633570035481,18.208708615976455,19
341,104.34865746359446,71.49232254606812,10,13
342,104.02198093429935,12.734835372715317,26.72905507299173,14
343,121.01308792015224,70.88620471995219,10,14
344,132.6686306460219,19.593372727719164,10.724923184658566,20
345,77.07309213962624,14.339083497450043,37.798631125622286,9
346,106.42714430900546,61.0314634888001,13.411267858526585,18
347,108.4384150847057,46.37262894859297,10,14
348,111.94800139699716,81.80322839727711,10,17
349,114.02345484621797,20.81881498335476,10,2
350,78.07449826209596,45.655542244832986,11.889765020311442,9
351,71.19898234811411,50.38242603602776,10,9
352,132.84030320272737,65.75413114086531,10,9
353,120.19634178685268,87.70002846146427,10,11
354,72.20855066472808,62.215513230459905,10,13
355,67.09202506086217,78.83949353879154,16.765704014851647,15
356,115.17857179573531,31.913406691866935,26.177691662237187,3
357,105.62382847938751,94.09924241249628,10,4
358,66.1408637160923,35.638561176573056,10,16
359,98.033207464105,58.52451490077291,10,13
360,80.20743726859325,47.21941913728163,10,5
361,118.81542375976431,71.30060685684845,10,11
362,87.97264712097572,61.058099766601316,10,19
363,106.39563868285074,53.51910820479323,16.39858717435359,12
364,102.50449005295815,95.62630079859913,10,17
365,91.41188917749494,89.5785817013567,10,6
366,71.94789456400613,85.58751725800484,23.02816353712856,8
367,134.9915348637388,31.318350307703387,15.165192957924488,7
368,94.10100643415944,70.07949093623235,10,13
369,124.95484145347467,50.65909108635062,10,5
370,112.67553761864197,29.506582008169808,10,2
371,108.27598194902997,67.77743503989394,10,12
372,88.85016429984333,63.50287016675557,10,20
373,72.60394040841844,22.27957773010598,11.879175624204636,9
374,133.55401628152882,72.31925361919326,47.3938680786437,4
375,88.9282351658401,19.36986844457497,12.885827656735422,12
376,92.41744518025025,17.70924246367875,22.46118512465589,5
377,95.92839279795277,39.10344059039687,10,8
378,100.68166936518452,16.08513072329934,16.11222042159252,6
379,84.60053537882717,58.601072314405954,21.209228164897418,14
380,60.12528714857089,39.97017217523781,11.07109150569736,20
381,107.48113139695144,69.56552708644408,10,15
382,85.89976288483183,60.60671342901188,31.612034272953352,5
383,98.88461844684588,72.10044017385992,10,12
384,97.775478773026,78.05469960057215,10,14
385,81.92184717070421,81.59049647107562,26.19734692704209,6
386,78.15374470654842,99.32351519425377,26.173090971585722,12
387,93.67183100610396,85.78299649387792,10,13
388,103.84098232980064,21.494213527171134,17.490887349353393,16
389,93.81767071594997,73.78702279686787,10,7
390,84.28021078984101,17.88784720874547,27.63951300892074,12
391,73.37534092884444,37.49718795922212,10,10
392,107.77157209061929,92.74527758929756,10,20
393,149.8599903486558,86.62824619705862,10,19
394,101.6365871709513,44.256096412892205,21.03523768243236,18
395,98.02220693617714,82.5332860105859,15.607926935642611,7
396,96.50080486609183,25.617206348785782,11.87283150977474,8
397,84.88509681014311,97.80491807739234,10.243551145361243,17
398,99.49946082509712,64.56276439758797,14.473607343318378,5
399,116.35532598400574,55.23094688170982,10,5
400,87.80975595681434,12.323071625453828,10,19
401,96.26057394029108,59.45765823055153,33.76177831884106,10
402,101.2894882962024,49.55605197696191,10,14
403,60.490668672922574,29.443436425863965,10,14
404,95.73114258139584,15.234741595492821,52.719319767366656,3
405,129.81452273699904,72.55317059726978,41.15298077656953,6
406,87.7319467291812,72.29452075247187,10,11
407,93.95060627023743,99.70271684676791,16.818487766767156,13
408,118.99108270882647,57.433731752048644,10,4
409,70.30204063100193,89.79437937164201,10,6
410,76.59773947881281,84.47841060101868,13.228103228592783,16
411,63.9603912483996,10.992813798578249,10,11
412,89.07511103495034,58.17791183073325,10,2
413,107.83608010805094,31.708131183958734,37.24455023142878,16
414,99.69380301654009,19.876257880975317,10,10
415,111.58582999202177,85.99213744656544,10,11
416,91.13435497616979,76.36213696490196,10,9
417,82.30394571946198,45.50286507130318,10,16
418,86.61854522680167,71.93212354778879,10,7
419,120.79809374792153,85.67844214833303,10,18
420,143.14616426531006,69.34185299852044,22.549168980590206,13
421,87.88570153993324,65.25402262840556,10,11
422,109.19944285878233,56.0999728731407,11.401463466715082,3
423,86.44569260495788,17.63128144412229,12.599203799829265,3
424,73.05747420940607,41.47329067712646,14.901161997316503,14
425,80.56771922978697,26.667601108072112,10,4
426,123.71408309325994,33.85417854925036,10,3
427,114.37906621330133,97.10740313605274,10,16
428,71.56378666516312,28.51185359759996,10,13
429,130.02667303910974,79.71704025740092,10.325556335637089,12
430,87.12963539239713,98.19732964229655,10,12
431,118.55680256162475,77.3265861486579,16.70089533843877,14
432,92.70094540914229,93.52752762934448,10,9
433,83.21580665321987,48.88691946497764,10,13
434,95.57492752828456,89.82324101883425,10.379240810762278,7
435,94.46373400222159,83.43522450717555,19.759467391996953,17
436,96.65756572427178,77.95377358716505,10,17
437,105.65159900976599,75.5641609445452,14.981087538655927,14
438,103.62043117407414,98.62027655720574,27.707993880074326,3
439,74.06336104088307,24.833333415649342,10,15
440,89.42766636500487,55.52674236566461,18.369850704778038,15
441,111.72728037510187,58.80134849426634,10,11
442,111.31019291263088,71.99967718450816,20.661140751074527,13
443,64.78474481688365,78.50093833388422,10,10
444,95.8195348542795,82.00638718292436,10,12
445,82.989590915814,75.97641664267073,10,5
446,123.93262973291303,59.8803862718815,10,16
447,87.80434191361236,13.178021944621516,13.69373461353044,6
448,97.58103702784437,39.42384547042712,10,8
449,108.39064887814055,88.89856856453805,56.08746230709056,9
450,134.5392770246681,89.75762024185671,10,9
451,92.00727628770795,47.13596567637614,11.894722687558444,2
452,69.48687370859811,81.47775981493758,10,13
453,125.25168206854364,53.28756008975114,10.281319964746448,3
454,130.8421990513575,60.459408497455385,10,14
455,140.12185776318245,82.44900997126928,10,17
456,83.63602233155386,15.269583631958128,10,16
457,99.93251085178096,73.69128412668242,15.540739964735977,11
458,77.1662177173299,39.53734782483804,10,4
459,96.12681081440564,29.855075744009014,10,15
460,79.51626351341591,67.25596282374094,15.401526347430927,4
461,137.08185132668376,46.891440072665944,18.313465118380307,9
462,137.69172611869217,26.602862782027543,10,8
463,130.86487056544377,12.357703767885832,10,17
464,102.81772493822407,36.88530162298957,28.24796036158523,7
465,64.63121268874296,48.66911314650416,20.61446433115593,17
466,110.27200213139433,51.23681980641034,10,4
467,89.34598320676177,17.254136238141218,13.017301014514391,11
468,133.2251842909574,78.89616090919988,10,13
469,90.85807486827456,22.1818674049917,13.918098878273495,14
470,97.99691847040094,33.55351153623154,10,18
471,95.92652499646069,32.45915798645555,10,16
472,129.85377137919045,15.882954180794671,10,3
473,94.57752797914863,15.638788310981907,23.691251181454838,5
474,51.515194794541166,41.26089936329584,23.009199370088268,2
475,117.680907927221,69.74107175580302,33.07554979468367,12
476,68.74908286226915,75.77388684826568,39.79076178841682,7
477,89.4189464530741,68.8757141326667,10,12
478,109.32859964867053,64.76745454268199,10,4
479,99.28717035405033,23.61221458614411,10,7
480,104.01138394461886,57.10518202369298,10,17
481,122.9727469885743,75.05328728876353,10,15
482,83.44819558702561,51.247057737579084,10,5
483,101.7228776609275,95.11283323002542,18.96955808234685,14
484,52.741351289163234,68.58761204358588,10,3
485,79.80538590580124,56.12523838932985,16.419797883681323,10
486,87.0807164175093,24.82357180890663,10,16
487,84.01615986699493,56.744727355354364,10,18
488,94.16377462168911,98.64906905267875,14.784643721827786,2
489,68.73618382606686,15.868413213444285,10,18
490,96.39040172818748,19.492632996096752,10.693839431309623,17
491,163.86215135689721,44.23780067568061,14.943779183383716,19
492,102.26540821075528,35.8424162276118,15.743334432174741,12
493,71.23444043365267,67.11241757952733,15.990627194510662,9
494,101.35711021054807,24.21593405518132,11.90395784496388,16
495,117.0554735024444,38.5085509360774,19.46164980513362,18
496,93.30449335786918,26.580235531422353,22.442191141841327,14
497,91.92703073516006,23.689385490004558,10,13
498,100.48438913345517,97.04139537332534,10,20
499,128.24441110830858,70.11279989232644,10.069577094935209,5
500,96.25711469990902,24.60100652042314,10,12
501,119.71459991359725,57.46596599104087,12.70659844747094,18
502,103.88768603154672,26.8670749687824,19.531758525685582,17
503,92.93667414378623,58.671437948698994,12.387119433120626,8
504,126.3423013467973,51.33386774558925,10,11
505,97.63862946017842,84.54243271934965,10,5
506,116.81240053009105,19.057373067118,10,5
507,110.93467136402758,41.314727042395,10,15
508,124.34317041650993,41.7137451948689,18.416698450343084,10
509,130.42632103844903,98.11944442136391,10.055103770097727,4
510,76.41920417680394,71.76944770174877,10,5
511,123.75358776923127,87.01635330152077,10,17
512,117.42594594914489,72.47355161588479,10,7
513,73.08040639506503,29.13799387339865,10,7
514,110.2781569931783,88.40840340367468,14.52711024747378,16
515,103.59163563879196,69.84864131283958,10,18
516,113.45147402405462,19.989052229213296,10,10
517,137.9976386979043,87.8107248570403,10,9
518,89.29343628092154,76.59137086902373,25.01970031163878,7
519,98.18933435391679,87.25075091192087,10,18
520,114.77620961775006,11.620590004040904,32.91724972436397,15
521,112.30734968026107,37.427598584752,17.684023716049076,7
522,107.34574626802682,18.688102317589674,10,2
523,136.76367353590246,52.189116891805526,10,13
524,78.92635161707291,76.8873878858443,10,18
525,78.64394156841614,86.70374869520633,11.02032179513412,13
526,97.91101562925057,81.51204508301713,10,12
527,96.62356553619979,99.5893764572179,19.35833743835769,11
528,81.45293731618852,18.447155634102057,24.038077307843388,14
529,104.7673796546957,84.635811938508,21.117903707549416,12
530,45.93535414001526,38.52519290120073,10,16
531,113.55750639061816,64.17310879136184,22.30481105629336,10
532,132.24556515977292,63.2527446075693,12.127908125529778,6
533,126.29828907168094,56.11273997912116,10,9
534,143.41885434995626,95.54779473275832,10,15
535,96.48228375135326,55.56394535456825,10.054062247174016,3
536,85.15058828603904,52.524401950586224,10,5
537,73.59954977558588,34.91328770121752,35.58998899231591,8
538,71.87365072656333,64.97020639681914,10,6
539,98.3378885474261,56.491536560138115,10,2
540,93.81581845900273,82.23271116218315,10,11
541,84.95687188818833,36.413994088730945,26.84632343586216,9
542,104.26393256475379,20.245455412894128,10,11
543,84.96061336522362,88.68002722166582,10,15
544,85.83186466179075,47.96453606849482,10,18
545,69.72571214774345,74.26293800201708,10,8
546,90.3387789663312,33.184649830034964,10,13
547,102.93586023971099,71.7930922143346,10,9
548,56.9636919734139,20.892250043667374,10,16
549,85.6169336151516,16.39068980799299,10,8
550,103.37309343933455,71.08029610053083,10,13
551,108.83881299138818,10.911806562496905,10.108653099260426,18
552,119.06273267826491,75.15757499194844,10,18
553,105.74248330403648,15.97994599201974,10,5
554,99.33540018711078,36.55366368887406,10,12
555,95.83766285454921,13.936516507805262,10,12
556,125.314156817294,68.70624837327458,18.682368994973682,14
557,82.67650303570998,48.69379696511333,11.17693041105615,7
558,120.01164636085957,50.1777564761424,16.013722302693466,17
559,86.58759581846711,87.18061038951554,24.84529550993177,10
560,115.86977441104426,43.405518109386485,10,15
561,65.02936053523638,71.95645166429232,10,5
562,77.88590663028128,90.10873316654275,10,5
563,95.70157939422529,12.29029839151758,10.379567580206073,13
564,88.75663946843396,46.86660054057088,10,14
565,95.81556252510944,64.52013245074212,10,6
566,99.47188486082146,71.94468122022134,10,11
567,105.60322317639212,12.478304788251894,10,19
568,91.27228218946863,12.786021182740917,10,5
569,97.80780392148338,12.101688669536731,14.114629041429104,10
570,111.21838895882478,20.452506418047307,31.217225481409745,8
571,94.09039363941679,89.95633050778132,10,17
572,97.85395711991542,44.69607142632301,10,12
573,108.95433851620555,23.87305388606384,10,12
574,112.76102202881515,49.639721528118166,10,7
575,110.01688949888914,27.516145303438474,10,8
576,60.414003792484245,62.24208408943264,10,10
577,114.95820512235068,66.36108892789575,10,9
578,122.01919269997143,65.85944318421257,10,9
579,139.16694908441187,13.551357960180939,10,12
580,105.07479322989147,58.004796588882634,20.399836231826207,4
581,109.35386343530867,81.14588148473965,10,16
582,112.43143779712102,94.96378844428581,10,10
583,92.60779327912732,98.28886403464166,10,18
584,64.53935063586238,35.72051999732832,10,16
585,125.23843001427983,44.78864561407251,10,11
586,121.12113618132103,98.26654092250864,10,17
587,104.4647782825832,78.80750151892458,10,19
588,96.05323159385348,86.85657702598799,10,17
589,96.97453432692977,90.37811846758734,10,18
590,111.87113444561724,66.39332599838892,26.088739595647755,2
591,41.19222730671439,52.91591214860354,11.638615981336585,15
592,84.54244664352782,36.94560295345131,10,16
593,108.1410457424907,35.088388517309774,10,19
594,119.06250090752174,36.51574567115738,10,15
595,110.26170840194585,85.07301373006082,13.489066035480942,5
596,116.00819050455365,69.26864641030494,14.529297256924131,17
597,115.08582659627149,65.22437028137126,10,11
598,96.73866072112472,46.63958402130649,10,8
599,85.10194710387101,19.989828891218334,16.514857100754803,19
600,62.12770666092429,16.917586774854716,10,16
601,104.26587414745877,73.63778295400283,10,3
602,67.84880271262051,30.914589075044304,10,16
603,84.74550442867572,93.63052482686685,10,18
604,94.70970317378779,30.342609803439974,10.229744619715447,20
605,59.92275271186493,64.31437864390408,10,14
606,39.60975688358349,62.727830960816725,10,3
607,103.6769908950739,71.43554991010622,10,15
608,109.52715538712438,59.72508706671002,10,5
609,110.10940318333253,79.7811535362822,10,11
610,86.10573737821883,66.66019272025629,10,15
611,91.81435123773792,38.5828115735005,10,11
612,93.44210566974164,85.54046431204021,10,6
613,103.10381367717959,76.68136505368643,10,4
614,73.0825815305357,85.84407119444994,10,16
615,83.61484280557005,90.26849303296612,10,18
616,107.80929699857779,18.036057207301564,11.616136446599883,11
617,97.93556494135008,44.88839249100823,10.016086674053277,15
618,119.30794969182341,96.94427546158094,14.314498577567406,19
619,124.72261443612436,73.22864513813262,10,4
620,112.31542299542284,14.336741115396661,10,19
621,124.07768874337633,55.03610311391811,10,10
622,88.98926301016833,43.283193038845894,10,16
623,75.58575148171683,47.485398871349105,17.26982839782898,17
624,112.44414288086804,52.50536237466835,21.215705393023597,6
625,77.22333764438461,71.00318802790397,10,7
626,107.52819052195034,76.47377123190977,10,14
627,81.9589689128498,45.56178168503529,12.489941708327505,6
628,93.4276304850203,43.10073889805376,10,4
629,112.06374862164687,56.42757124410953,10,17
630,95.42800169319963,54.357812600270194,10,12
631,80.11301250782975,63.561850741511336,10,10
632,100.44931785624092,70.97880407130579,10,16
633,110.9423823035042,79.56293336885035,10,20
634,113.4572247193364,20.818650620851862,10,2
635,111.83628267482756,36.39777497025082,14.83430452128112,11
636,75.21785848692198,10.121826314392134,10,14
637,70.6494946849512,97.67749994347214,18.77714998624691,2
638,103.46683328740816,80.23385112138824,10,9
639,104.87906395817001,37.26241559498734,10,6
640,97.93490479701906,77.26999659370246,10,3
641,67.13622377691667,96.20108208893835,28.598791623520437,16
642,100.41772976591923,96.64915152278854,10,9
643,104.61401811437366,30.284314120608926,10,5
644,125.63287590007538,62.04685594783246,10,17
645,111.15382121450249,67.23592364473556,10,14
646,83.78284977579324,92.57372588187911,10,10
647,74.84844282170768,90.11270236564131,12.300476518437321,3
648,83.29714196739954,22.084736581204798,31.685183433152222,12
649,141.79077443389548,31.770396470160026,10,14
650,96.19921929997011,82.62689417955943,10,12
651,92.85109154379145,48.953440198852235,10,5
652,71.5208569509971,14.498112579371087,18.55656046387431,20
653,94.66695341531171,81.38285865970656,19.226766022694783,6
654,68.03751296232505,49.32962970990588,10,3
655,109.24345332163885,66.01089381555215,39.72720207875388,5
656,108.51774412386071,78.1579186420995,10,11
657,100.38295554831504,74.64980578348036,10,14
658,80.87127246363983,60.85767812074806,14.76774632041396,11
659,109.44812555760755,11.089280509849669,10,8
660,74.99184532060565,38.950299069359374,18.841517017541253,15
661,112.09030652710733,18.585934958188957,10,3
662,141.99443578333032,20.66523612383364,10,9
663,95.05948598508007,92.75779221904448,49.989560759023504,3
664,87.01253923357147,45.3212367606532,14.035014509953418,19
665,126.42608064546025,95.58357350522935,10,8
666,86.30740348479992,60.7666625950166,10,14
667,115.81251198325538,31.635902160415622,10,19
668,100.28546135672869,29.876750466670803,10,3
669,80.9212116120671,25.76995948952446,20.156809818707227,7
670,102.11788906230468,49.29527707918895,10,11
671,111.68825960944969,78.28986283815927,10,8
672,96.21759218445933,80.23289527061935,10,11
673,118.43300223848918,28.421209815155557,10,5
674,117.737747801946,28.63682282897697,10,3
675,91.58476412637893,94.6706068452797,10,9
676,108.73477103467019,39.89719298040441,11.829227771663488,16
677,108.08589509923395,68.91856181793591,10,18
678,64.42824831986967,48.27053668939245,10,4
679,106.39303651837955,78.89920754642748,10,9
680,86.48583841676776,97.57703466750996,10,7
681,100.6830483497605,37.35482610295246,10,2
682,113.58746565913006,76.77066942628436,18.86677228037035,10
683,77.02411929682688,37.26378150763863,10,15
684,90.71191475381225,43.38469073419887,23.22177749177033,17
685,109.24121786503792,98.63725624862282,14.03433438320041,9
686,134.7779932759516,17.061023468541155,10,15
687,119.57716101563591,25.058917360095435,15.170033059741117,13
688,113.00900185072278,36.69039209853376,12.53247660188759,16
689,69.93839396480364,19.2264367659827,10,11
690,112.13446118272365,84.47556878858991,11.947137417483798,15
691,96.33606762559224,51.55445294318072,25.382380757120377,15
692,113.31848504108923,34.66644304079719,16.45432535124599,6
693,108.43173221228912,41.08077570203991,10,20
694,108.79002461240452,75.4351085453851,10,19
695,115.57873007024229,54.66328775941254,10,5
696,113.91075515131556,44.59195346717214,10,17
697,116.98204221486289,11.027618510866628,12.163820806602379,19
698,69.64252506638381,73.43839090390435,16.989696010093255,12
699,92.85941598386782,97.03317477305316,10,11
700,113.9765684040507,26.133005071701103,16.094553214040424,12
701,108.4194588877878,45.68983137909669,10,18
702,90.42325087983191,36.10409787661932,20.511576037003103,14
703,82.74448471913759,81.7013257472235,10,13
704,124.238879707728,91.54783544331345,10,14
705,105.22501062467713,14.665221920775611,10,7
706,79.41256983635857,65.9163204144649,10,15
707,72.94659428312931,46.40746470164827,10,16
708,89.28397073895404,71.68994948997114,10,3
709,65.85284084814107,43.652894231153226,28.904462491680324,14
710,122.3479763180492,27.90929250634931,10,16
711,128.9699845978585,19.123560779784324,10,7
712,106.87575763099771,16.075229201543976,10,5
713,99.02695296859098,97.36088908687697,10,9
714,117.80396822249574,48.0455773204539,10,9
715,120.70498669447505,33.78486368427753,10,11
716,81.56280373749374,69.10804571271014,34.589535693063155,13
717,79.92085255837003,16.928152035846963,10,19
718,89.06639830825469,63.91401284353434,10,14
719,94.56689779347893,34.066182507178716,10,19
720,116.22793108983184,73.59668828908386,10,8
721,77.03473422494764,34.398662838765915,10,18
722,111.02952550479047,28.236937072180883,10,15
723,106.81178432800994,71.21006969022754,10,2
724,69.37784994888555,50.52288215286013,31.601592595005435,9
725,110.2850951203567,85.5821445997984,10,14
726,99.52895698251524,18.336293474623048,13.79852552895761,18
727,96.51291484194329,49.061887543788295,10,10
728,134.9916780841084,67.39194222063419,10,15
729,127.62908157380973,18.225233769859877,10,18
730,84.32468668827207,34.372569523327535,10,3
731,86.18917895367481,51.30464649371383,13.195088966992705,13
732,88.39893517259914,95.63416391591085,18.23199573158289,16
733,104.78809001070753,84.06854245375908,26.987511931963837,12
734,109.64497905361314,76.85933443011452,13.390955323734007,11
735,75.24675155345405,16.161284740022026,10,19
736,121.45956095532024,34.196816294397415,10,18
737,147.2774498923872,69.98167427741521,15.482817930749604,10
738,73.22788400553503,73.49147472551377,10,10
739,113.85837246063222,68.43900921191936,27.532665471097385,3
740,89.0088572818284,49.95275090557401,10,7
741,117.19175773959604,55.236811836711745,10,11
742,90.13754355200456,68.96563430719043,10,5
743,128.87264006937627,24.441635284410378,10,5
744,115.80743792103422,83.27131170320456,11.55609111636457,4
745,106.8010258913778,36.02687016663548,10,6
746,158.9818885061745,42.11973776539992,10,17
747,124.89359161473574,81.0363563487717,10,18
748,97.49091479994199,41.898245391374935,10,19
749,106.55759048318714,88.86874898280804,10,9
750,103.50422837817024,27.44767611432034,19.57696736955853,14
751,159.70518005206821,85.41175373666232,19.573250068054282,15
752,141.13087129659084,24.43288655077688,11.19770812249557,5
753,77.38223129348168,72.45546314591411,10,4
754,119.51633438689419,56.34400149219335,10,4
755,118.36908887884827,11.721606979355832,10,18
756,85.80840290501655,19.481093603319987,10,11
757,74.82990178649331,64.69774147860873,10,3
758,72.44764998491526,29.759853090682174,32.15451761506007,13
759,88.70451991658115,60.11905988548863,10,10
760,137.41930350743564,73.19314865636466,10,11
761,107.79228354741808,47.07622855306918,20.442826532666185,13
762,79.72208095414925,64.50741003910703,10,8
763,101.71374322806719,22.85577683328987,11.778946383162886,6
764,117.16902233313331,28.388474505907325,10,10
765,95.30758860085173,11.631163694115676,15.738686344559243,3
766,152.4158618205995,66.55838109531284,11.667785960571894,7
767,77.76065948451672,10.898089899260444,12.853407259893984,12
768,107.44210945213726,85.89935510090949,10,8
769,107.78318391335857,81.2402382332233,10,5
770,83.99922871204707,44.90434809252381,16.272845172494385,18
771,98.7295085076929,28.312546824783624,10,18
772,116.96861764410569,97.1259230845683,10,14
773,55.0622133203079,16.669488031738037,10,16
774,62.46894587916252,29.81001933142778,10,9
775,112.39422891932273,16.184230995156486,10,10
776,117.94132393774264,73.78890897062388,10,6
777,125.49750082557445,69.55158595598708,10,2
778,111.97588779123821,59.357724669420634,10,16
779,113.36680977436161,62.53422289582276,15.230766420252808,16
780,101.67653255858721,22.62920663741635,11.121762852941027,13
781,128.20918290407008,76.80278684791784,10,6
782,105.93151090281523,91.74056398302906,14.217778026227808,13
783,109.26369590535168,68.87194633250863,21.993782101996537,12
784,79.34952192944921,52.652909810449245,12.601803008714285,7
785,107.95854099893617,28.202876247208142,10,6
786,92.58983802819942,91.70546624951807,10,5
787,71.88865961642716,16.927450244278667,11.912413448538466,9
788,110.21584177055189,81.66173054872317,10,14
789,120.61161171248115,33.76557862243469,27.98004659351054,13
790,76.48810788750296,27.183392656447914,11.862670107574804,6
791,82.09860315446791,63.57729393347402,10,14
792,111.04599875359047,78.47661978377036,10,4
793,112.51261867292003,72.9053945638647,10,10
794,106.99300094599387,13.508138859501738,10.991546096145083,8
795,68.7039445727589,90.81272682618993,21.90312223203741,8
796,106.70116058168234,32.410786249818095,10,3
797,106.32311914365556,18.542614313950274,68.05751219889282,8
798,115.13577359973964,87.22209439065062,60.44147186043234,6
799,112.24937588027204,13.631574417372974,10,4
800,99.21385424744737,80.53644259677128,10,8
801,97.31006431196535,68.89078049434477,10,2
802,112.44139980612097,78.6072362050864,10,17
803,126.5786663907082,65.7573580032673,10,13
804,104.98617191283458,62.285534189936136,46.75502210787052,16
805,120.90176948169507,49.80644249060217,12.289385376562178,9
806,109.99728247480742,93.53638883025563,26.470424058655617,8
807,72.01387650396117,57.490971959952546,10,20
808,112.51016033662071,63.384239713552134,10,10
809,117.70462965977983,70.73076719506695,11.317501750976328,9
810,139.2517438106159,72.74222253026284,10.459409709820719,7
811,100.07391343695694,24.05859118179598,10.104374874923895,13
812,111.2576172034871,50.96547925602908,11.018994603112152,17
813,82.40371292995891,25.275558571923085,10,16
814,131.08320841429548,85.43394774897783,16.235922887795354,19
815,117.07951953104447,58.23415709669064,10,9
816,104.82643869833562,34.93112718933809,25.422075819010015,12
817,76.97971832760986,63.35561624572991,10,3
818,98.52104868783215,17.610884028751407,10,18
819,90.96681047680755,89.462333486685,10.760059781094082,6
820,112.59059168443622,35.78675940344107,16.227273894179916,20
821,83.91368480680015,12.702340479645354,22.765847094790317,13
822,99.32774870592574,86.26491375142363,10,8
823,109.0948182428227,16.031488397608896,37.02699856597469,17
824,95.88281138239319,16.393140013960192,10,6
825,85.06843306919522,52.21964899428208,10,4
826,94.8764049500924,97.57691181210684,14.241728043015545,19
827,95.17005108258442,49.57664378571177,10,16
828,75.93598289221711,30.925539298704805,10,7
829,79.15911175513794,41.97877736264989,11.208401313491105,3
830,111.90058931671129,23.22297312253937,10,18
831,88.85153893783358,23.94327800290984,10,11
832,111.462556264824,82.34244014351276,10,12
833,64.28267016131778,55.49578843508775,10,13
834,98.09071505821854,17.40450918493557,10,8
835,64.47507333067097,84.01430900668188,10,10
836,134.77702703706663,61.68588175811899,11.00250641618203,16
837,93.57514467764176,87.59826762923699,10,12
838,94.42233211698488,27.564986549678537,10,15
839,116.90315942368643,54.331216367796785,10,17
840,119.02898554116173,46.61243208565512,10,10
841,92.66985959263896,78.62022628073817,10,6
842,138.08273179146013,54.066201584522034,10.349201372226418,6
843,132.51917830724128,59.73960409990734,10,14
844,104.33551127525259,26.674331984499133,10,6
845,78.05394944734311,26.45540018819354,17.47040160103516,7
846,77.9027441387496,43.709341904162315,15.981630302172874,9
847,104.41082854027734,17.831549647250988,10,17
848,89.37571410784803,70.548815297122,10,6
849,109.67753302376079,88.66645959746667,10,7
850,110.69634672691821,77.52391875449581,10,10
851,124.57961004978124,41.60974486139028,10,11
852,81.26987250420808,31.43319882991267,23.907012823846582,10
853,86.64440887062229,51.966947164583694,14.295177469038652,5
854,45.04990314549531,63.72196214919905,77.23529522062461,16
855,90.00539647696739,45.807913271568445,17.576656392285077,5
856,102.82514280174927,65.36162264870798,24.14698549791932,11
857,57.38867040385599,55.11480801631564,10,3
858,58.31774121002823,85.52623554822688,10,2
859,134.49393299522217,50.41348911371133,10,3
860,88.60334143522483,64.74875500069945,10,5
861,106.59017471146018,44.17763706273857,16.166930485158282,9
862,89.29329825967554,79.54942776985712,10,14
863,107.1690723641924,60.92033993568967,26.471157526284795,9
864,101.9613507907789,79.77196466514543,10,8
865,125.91743563726028,12.709348499018704,32.568976958469314,14
866,97.67541913756084,65.03172501030947,11.347576366812573,8
867,104.29426366341052,86.32983115140671,29.405144851815088,18
868,82.21518343543352,35.34544378950686,33.0662348501243,2
869,119.10601116475506,74.44449759179301,12.250131499674364,13
870,87.9203874806154,49.85183228893637,10,8
871,95.40902689279307,85.11146112300649,27.408499836509826,5
872,112.80959590401648,15.562761462030037,10,5
873,96.18993788004377,63.56915507141873,10,19
874,101.70418899267803,32.199275422486586,10,14
875,40.177280581985535,77.60594232586385,14.018876376332717,12
876,81.02166958350325,46.21656333693806,21.592373111684346,18
877,134.94726395831117,91.82577376482271,10,14
878,83.50971676944653,26.616921161263228,10,10
879,87.828205535206,84.78542539495615,10,15
880,63.58793398902966,54.353762607954216,10,13
881,105.40114716782844,49.04595305697198,10,4
882,118.22725444349443,40.9561917901917,13.205070221648265,14
883,102.11507582542961,93.83994228785329,17.202634301559865,12
884,114.64984205559604,45.95669061282413,10,2
885,105.77447325650047,84.38959667723178,16.14353476062518,4
886,77.39592550652152,20.683818595820032,39.40845772237502,6
887,148.23353351156842,16.051076208150505,10,15
888,101.4407372256749,57.9062688356309,10,5
889,95.75582060197695,61.11768675844725,10,19
890,61.84384884245218,14.531457427241792,10,14
891,82.79229978440996,51.213609499062514,10,13
892,109.72072578835274,42.32878722844213,17.347303478796615,17
893,69.05392022123269,52.96153583101612,10,9
894,88.3280134730799,28.81534363361614,10,10
895,120.76757702038633,53.391888902785766,18.38277093112653,6
896,124.00523499477659,84.12612496740762,10,10
897,90.73677275829202,37.29573017643546,26.964410253979043,4
898,103.80847779850116,57.841493741805806,10,11
899,108.98437442570068,46.6973294502459,10,14
900,101.17968443179194,74.32779487995512,10,10
901,108.93745001605396,20.47226366480463,10,19
902,88.2693746087213,41.919958448657454,10,9
903,104.48432808581586,85.0279609427655,16.856226803821805,13
904,72.56652605539068,19.528688639181638,10,9
905,85.81117995144906,70.82406325936662,10.734119736562512,3
906,75.95700947847823,24.113143478512512,17.56211741719636,3
907,92.08638576487472,47.72645883119092,10,18
908,69.71059381638466,55.218455844973874,13.14853564472995,19
909,106.43186422678477,29.840140382087704,21.731525955061656,19
910,104.50528234495098,66.68385889912369,10,16
911,113.8544551023372,57.81646165158387,11.314601339820856,10
912,115.50310988069566,23.17926309425345,17.893406902791593,12
913,111.06080171704717,86.01993181812018,10,9
914,96.28308495614506,85.97910927575288,10,11
915,106.1999796633111,37.762145334053564,10,8
916,98.11082571115995,75.55337689056815,10,14
917,108.39219944048236,82.48870387413812,29.328747524851977,9
918,85.86214864025303,99.12990734142835,10,13
919,117.11111318041424,69.35553834861945,11.648981180973006,4
920,74.13716912482704,37.64947753191438,10,10
921,111.44780622351351,24.420304087885565,10,10
922,107.77957458704368,17.571489603344457,10,4
923,105.02947217881024,11.49332325693381,10.838774297986395,13
924,90.32877032306926,12.133697828006655,18.014898907711345,20
925,87.75666165690359,22.191358311522173,10,18
926,97.21205598673532,14.55602250421667,10,12
927,114.79306303449343,45.36055980038611,10,12
928,98.21531691557102,62.9516998884838,10,20
929,99.24858710041038,58.977879625333195,10,15
930,109.46943798070457,43.72497734566388,10,3
931,94.64717818202413,48.35091141570077,17.859575708045604,17
932,85.84748210355947,83.55747809919131,26.64968013182787,4
933,85.75652271647913,50.505277548360276,10,18
934,41.86023561356717,40.09610610898738,10,12
935,92.50355886756388,24.523062254954482,10,16
936,87.8699322356852,23.43245227673265,10,8
937,109.11808390341406,46.76100232676343,11.384885331551512,3
938,98.0675265997022,72.74473229241823,10,14
939,91.68066144105283,33.38453241462695,21.723124564704275,18
940,79.9556596214655,47.017357485960815,10,14
941,84.9512952529393,84.34582160934569,11.180768936885803,17
942,77.92660342939261,76.41558526578329,10,14
943,93.38421551344885,34.35795477835891,10,20
944,117.85907740217539,87.94913908400513,10,10
945,136.59240403432173,65.74509724298517,10,10
946,114.25424057722662,86.55170752136044,10,19
947,62.33699583882832,72.01788883734066,17.331503134101563,12
948,80.95367238522407,78.88270274722366,10,18
949,86.46009723082938,19.255833294172902,10,20
950,118.00797176790127,39.18964396163662,11.285059329816718,13
951,109.02450638637016,64.28351081106523,11.473797006401977,12
952,66.86753584644453,79.17231978218818,10,14
953,89.51103727474697,30.999954038439398,10,15
954,105.67502047323002,86.4501765603162,10,15
955,80.24253318198501,40.71867813550469,10,19
956,91.6418090846822,11.2314173284613,10,7
957,59.48384253777246,12.506701673896696,10,10
958,74.39088857995067,36.63388264929545,10.90121859148712,19
959,103.78959642442162,14.537509624198828,22.107748568101183,12
960,100.249986438145,16.245467731376504,10,13
961,157.36806111333536,40.68627142920025,24.921496157845496,9
962,108.82614303398492,36.40180792969089,10,15
963,85.33687605780007,91.02377000818633,15.71136827786808,14
964,107.35239680419421,36.62416877468824,10,7
965,102.96178839596553,29.610224166406958,10.842201100590398,13
966,95.23779127375892,75.59002490055828,10,14
967,100.92005494506549,60.0920585651938,10,4
968,104.62891845051145,19.309070337443504,10,15
969,112.92979075451541,80.18387956090613,10,2
970,81.6745179887255,32.90331984564342,10,12
971,127.10885602210992,86.60356618833836,31.613535697737237,12
972,82.76593859487484,59.39855213883398,10,13
973,100.60062958328164,44.9853713088892,10,4
974,87.44532187830988,25.920725574158553,43.690044785558904,10
975,94.23922252155847,57.86845898545149,20.68450396125348,20
976,125.53930772176375,39.424692190300775,10,9
977,106.76046962203417,70.52565364062842,11.46306874356436,8
978,106.77105752571829,21.549327596988807,10,14
979,81.24148846927203,73.05503467550065,14.002801505590126,18
980,135.22376249734748,65.7255461829253,10,2
981,99.99372654776451,35.60872471092404,10,13
982,92.7707446661203,21.299481090862937,33.098937849849776,4
983,108.32892076202904,53.06419630964702,10,12
984,103.92262918047815,58.991039887088895,10,13
985,81.91863420527999,83.80607518500844,10,11
986,78.1567273456382,37.69938147638342,10,18
987,116.69502652649764,82.89319782726095,10,15
988,127.99189290291586,51.95634320148013,10,15
989,73.1574450302977,60.08181736139398,10,18
990,79.47261584668216,70.80966119863658,10,16
991,124.60001145438301,50.876529646303545,10,19
992,89.61207256347747,62.60888019335123,34.84203374768197,9
993,93.1818424530784,15.583308726590337,10,11
994,109.16336229577398,99.79744501091805,10,8
995,80.40557550566386,46.063375015102,10,18
996,64.12215004264219,69.37212456374269,10,14
997,72.89104993775422,15.530166111770875,16.80522311008811,19
998,108.00962773012657,23.628908293296696,10,13
999,102.62130372431697,62.3562982679068,10,8
